img,cat,pair,type,run
OU_110.jpg,2,990,990,1
OL_016a.jpg,2,16,3,1
SL_053a.jpg,1,53,3,1
OU_057.jpg,2,0,8,1
SU_062.jpg,1,0,1,1
SL_036a.jpg,1,36,3,1
OU_035.jpg,2,0,1,1
SU_052.jpg,1,0,8,1
SU_002.jpg,1,0,8,1
SU_071.jpg,1,0,1,1
OU_013.jpg,2,0,1,1
OL_052a.jpg,2,52,3,1
SL_035b.jpg,1,35,3,1
OU_007.jpg,2,0,8,1
SU_032.jpg,1,0,1,1
SU_075.jpg,1,0,8,1
SU_022.jpg,1,0,8,1
OL_002b.jpg,2,2,3,1
OU_084.jpg,2,0,8,1
OU_051.jpg,2,0,1,1
SU_073.jpg,1,0,1,1
SU_013.jpg,1,0,1,1
OL_034a.jpg,2,34,3,1
SU_026.jpg,1,0,8,1
OL_008b.jpg,2,8,3,1
SL_021b.jpg,1,21,3,1
OU_016.jpg,2,0,1,1
OU_019.jpg,2,0,1,1
OU_042.jpg,2,0,1,1
SU_085.jpg,1,0,8,1
OU_009.jpg,2,0,8,1
OL_006a.jpg,2,6,3,1
OL_012b.jpg,2,12,3,1
SU_058.jpg,1,0,8,1
OU_037.jpg,2,0,1,1
OU_068.jpg,2,0,1,1
OU_059.jpg,2,0,1,1
SU_006.jpg,1,0,8,1
OU_034.jpg,2,0,8,1
OU_075.jpg,2,0,8,1
OL_048b.jpg,2,48,3,1
SL_038b.jpg,1,38,3,1
OU_039.jpg,2,0,1,1
OU_032.jpg,2,0,1,1
SL_020a.jpg,1,20,3,1
OU_024.jpg,2,0,1,1
OU_050.jpg,2,0,8,1
OU_030.jpg,2,0,8,1
SU_096.jpg,1,0,1,1
SU_048.jpg,1,0,1,1
OU_046.jpg,2,0,8,1
SU_053.jpg,1,0,8,1
OL_025b.jpg,2,25,3,1
SU_043.jpg,1,0,1,1
SU_063.jpg,1,0,8,1
SL_025a.jpg,1,25,3,1
OU_021.jpg,2,0,8,1
SL_054b.jpg,1,54,3,1
SU_005.jpg,1,0,8,1
SL_037a.jpg,1,37,3,1
OL_038b.jpg,2,38,3,1
SU_091.jpg,1,0,8,1
SU_047.jpg,1,0,1,1
OL_003a.jpg,2,3,3,1
OU_090.jpg,2,0,8,1
OL_053b.jpg,2,53,3,1
SU_021.jpg,1,0,1,1
OL_033a.jpg,2,33,3,1
SL_010a.jpg,1,10,3,1
SU_074.jpg,1,0,1,1
OL_011a.jpg,2,11,3,1
SU_059.jpg,1,0,8,1
SU_045.jpg,1,0,1,1
SU_014.jpg,1,0,8,1
OU_018.jpg,2,0,1,1
OU_069.jpg,2,0,1,1
SU_009.jpg,1,0,1,1
OL_023b.jpg,2,23,3,1
SL_003a.jpg,1,3,3,1
OU_040.jpg,2,0,1,1
SU_064.jpg,1,0,1,1
OU_038.jpg,2,0,8,1
OL_005a.jpg,2,5,3,1
OU_066.jpg,2,0,8,1
SL_050b.jpg,1,50,3,1
SU_004.jpg,1,0,1,1
OL_022b.jpg,2,22,3,1
SU_066.jpg,1,0,1,1
SL_008b.jpg,1,8,3,1
SU_088.jpg,1,0,8,1
OU_015.jpg,2,0,8,1
SU_087.jpg,1,0,1,1
SL_001a.jpg,1,1,3,1
SL_017b.jpg,1,17,3,1
OL_024a.jpg,2,24,3,1
OU_060.jpg,2,0,8,1
OU_093.jpg,2,0,8,1
SL_004a.jpg,1,4,3,1
SU_056.jpg,1,0,8,1
OU_074.jpg,2,0,8,1
SU_037.jpg,1,0,8,1
SL_030b.jpg,1,30,3,1
SU_069.jpg,1,0,8,1
OU_003.jpg,2,0,1,1
SU_038.jpg,1,0,1,1
SL_034a.jpg,1,34,3,1
OU_082.jpg,2,0,8,1
OU_064.jpg,2,0,1,1
OU_076.jpg,2,0,1,1
SU_110.jpg,1,990,990,2
SU_011.jpg,1,0,1,2
SU_077.jpg,1,0,8,2
SU_089.jpg,1,0,8,2
OL_001a.jpg,2,1,3,2
SU_044.jpg,1,0,8,2
OU_023.jpg,2,0,1,2
OU_014.jpg,2,0,1,2
SU_051.jpg,1,0,1,2
SL_041a.jpg,1,41,3,2
SU_015.jpg,1,0,8,2
OL_060a.jpg,2,60,3,2
OL_043a.jpg,2,43,3,2
OL_014a.jpg,2,14,3,2
SU_039.jpg,1,0,1,2
OU_043.jpg,2,0,8,2
OU_033.jpg,2,0,1,2
OU_027.jpg,2,0,8,2
SL_046b.jpg,1,46,3,2
OL_030b.jpg,2,30,3,2
OL_013a.jpg,2,13,3,2
OU_062.jpg,2,0,1,2
SU_065.jpg,1,0,1,2
SL_006a.jpg,1,6,3,2
OU_001.jpg,2,0,1,2
SL_047a.jpg,1,47,3,2
OU_072.jpg,2,0,8,2
OL_020a.jpg,2,20,3,2
OU_087.jpg,2,0,8,2
SU_003.jpg,1,0,8,2
OL_010b.jpg,2,10,3,2
OU_041.jpg,2,0,1,2
OU_053.jpg,2,0,1,2
SU_042.jpg,1,0,1,2
SL_031b.jpg,1,31,3,2
SU_040.jpg,1,0,1,2
OU_011.jpg,2,0,1,2
OU_052.jpg,2,0,1,2
OU_083.jpg,2,0,8,2
SL_023b.jpg,1,23,3,2
OU_012.jpg,2,0,8,2
SL_058a.jpg,1,58,3,2
OU_091.jpg,2,0,1,2
OL_040b.jpg,2,40,3,2
SL_060a.jpg,1,60,3,2
SU_078.jpg,1,0,1,2
SU_070.jpg,1,0,1,2
OL_027b.jpg,2,27,3,2
OL_045a.jpg,2,45,3,2
SU_067.jpg,1,0,1,2
OU_081.jpg,2,0,8,2
OL_057a.jpg,2,57,3,2
SU_057.jpg,1,0,8,2
OU_067.jpg,2,0,1,2
SL_029b.jpg,1,29,3,2
SU_072.jpg,1,0,8,2
SL_022a.jpg,1,22,3,2
OU_028.jpg,2,0,8,2
SU_061.jpg,1,0,1,2
SU_012.jpg,1,0,8,2
OL_041b.jpg,2,41,3,2
SU_055.jpg,1,0,1,2
OU_094.jpg,2,0,1,2
OU_010.jpg,2,0,8,2
SU_010.jpg,1,0,8,2
SL_042a.jpg,1,42,3,2
OU_086.jpg,2,0,8,2
OU_065.jpg,2,0,8,2
SL_039a.jpg,1,39,3,2
OL_056a.jpg,2,56,3,2
SU_086.jpg,1,0,1,2
SU_054.jpg,1,0,8,2
SU_024.jpg,1,0,8,2
OL_050b.jpg,2,50,3,2
SU_025.jpg,1,0,8,2
OL_037a.jpg,2,37,3,2
SU_027.jpg,1,0,8,2
OU_063.jpg,2,0,8,2
OU_096.jpg,2,0,8,2
SU_080.jpg,1,0,1,2
SU_093.jpg,1,0,8,2
OU_017.jpg,2,0,8,2
OU_008.jpg,2,0,1,2
OU_048.jpg,2,0,8,2
SU_094.jpg,1,0,1,2
SU_046.jpg,1,0,8,2
OU_092.jpg,2,0,8,2
SU_050.jpg,1,0,1,2
SL_011b.jpg,1,11,3,2
OU_029.jpg,2,0,1,2
OU_005.jpg,2,0,1,2
SL_057b.jpg,1,57,3,2
SL_056a.jpg,1,56,3,2
OL_032b.jpg,2,32,3,2
SU_036.jpg,1,0,1,2
SU_041.jpg,1,0,1,2
SU_028.jpg,1,0,8,2
OU_058.jpg,2,0,8,2
SL_044a.jpg,1,44,3,2
SU_068.jpg,1,0,1,2
SL_002b.jpg,1,2,3,2
OU_006.jpg,2,0,1,2
SU_090.jpg,1,0,8,2
OL_031b.jpg,2,31,3,2
SU_019.jpg,1,0,8,2
OU_070.jpg,2,0,1,2
OU_025.jpg,2,0,1,2
OU_056.jpg,2,0,8,2
SL_059a.jpg,1,59,3,2
